<additionals>
    <laneAreaDetector id="WorkZone" lane="38254377_0" pos="60.0" endPos="90.0" freq="300" file="WorkZoneOutput"/>
    <laneAreaDetector id="WarnZone1" lane="38254377_0" pos="5.0" endPos="25.0" freq="300" file="WarnZoneOutput"/>
    <laneAreaDetector id="WarnZone2" lane="38254377_1" pos="5.0" endPos="25.0" freq="300" file="WarnZoneOutput"/>
    <!-- <laneAreaDetector id="WarnZone3" lane="38254377_2" pos="55.0" endPos="120.0" freq="300" file="WarnZoneOutput"/> -->
    <!--rerouter id="rerouter_0" edges="46818452#1">
        <interval end="1e9">
            <destProbReroute id="545291578#1"/>
        </interval>
    </rerouter>
    <rerouter id="rerouter_1" edges="545291578#1">
        <interval end="1e9">
            <destProbReroute id="46818452#1"/>
        </interval>
    </rerouter-->
</additionals>



<!--
<sumo-detectors>

   <e1Detector id="1si_0" lane="1si_0" pos="200" freq="1" file="detector.xml"/>
   <e1Detector id="1si_1" lane="1si_1" pos="200" freq="1" file="detector.xml"/>
   <e1Detector id="1si_2" lane="1si_2" pos="200" freq="1" file="detector.xml"/>

   <e1Detector id="2si_0" lane="2si_0" pos="200" freq="1" file="detector.xml"/>
   <e1Detector id="2si_1" lane="2si_1" pos="200" freq="1" file="detector.xml"/>
   <e1Detector id="2si_2" lane="2si_2" pos="200" freq="1" file="detector.xml"/>

   <e1Detector id="3si_0" lane="3si_0" pos="200" freq="1" file="detector.xml"/>
   <e1Detector id="3si_1" lane="3si_1" pos="200" freq="1" file="detector.xml"/>
   <e1Detector id="3si_2" lane="3si_2" pos="200" freq="1" file="detector.xml"/>

   <e1Detector id="4si_0" lane="4si_0" pos="200" freq="1" file="detector.xml"/>
   <e1Detector id="4si_1" lane="4si_1" pos="200" freq="1" file="detector.xml"/>
   <e1Detector id="4si_2" lane="4si_2" pos="200" freq="1" file="detector.xml"/>


   <e1Detector id="1o_0" lane="1o_0" pos="20" freq="1" file="detector.xml"/>
   <e1Detector id="2o_0" lane="2o_0" pos="20" freq="1" file="detector.xml"/>
   <e1Detector id="3o_0" lane="3o_0" pos="20" freq="1" file="detector.xml"/>
   <e1Detector id="4o_0" lane="4o_0" pos="20" freq="1" file="detector.xml"/>

</sumo-detectors>

-->
