<!-- vehicle flow definition -->
<routes>
    <vType id="car" vClass="passenger" maxSpeed="15" accel="2.5" decel="5" sigma="0.5" departLane="free" lcOpposite="1000"/>
    <vType id="barrel" vClass="passenger" length="0.5" width="0.5" accel="0.01" decel="100" sigma="0.5" maxSpeed="0.01" minGap="0.5"/>
    <vType id="accident" vClass="truck" length="5.5" width="2.8" accel="5" decel="2" sigma="1" maxSpeed="50" minGap="0.5"/>
    <vehicle id="carA" depart="0.00" length="4.5" width="1.75" maxSpeed="50" accel="3.2" decel="3" departLane="free" color="orange">
        <route edges="46819498 46819499 46819903 38254377 797654752 46121845 959708349 959708349-AddedOffRampEdge"/>
    </vehicle>
    <vehicle id="carB" depart="0.00" type="car" color="green">
        <route edges="46819498 46819499 46819903 38254377 797654752 46121845 959708349 959708349-AddedOffRampEdge"/>
    </vehicle>
    <vehicle id="carC" depart="0.00" type="car" color="90,60,90">
        <route edges="46819498 46819499 46819903 38254377 797654752 46121845 959708349 959708349-AddedOffRampEdge"/>
    </vehicle>
    <vehicle id="carD" depart="0.00" type="car" color="red">
        <route edges="46819498 46819499 46819903 38254377 797654752 46121845 959708349 959708349-AddedOffRampEdge"/>
    </vehicle>
    <vehicle id="carE" depart="0.00" length="2" width="1.5" maxSpeed="50" accel="5" decel="6" departLane="free" color="blue">
        <route edges="46819498 46819499 46819903 38254377 797654752 46121845 959708349 959708349-AddedOffRampEdge"/>
    </vehicle>

    <vehicle id="Barrel1" depart="0.00" type="barrel" departLane="0" departPos="60" color="yellow">
        <route edges="38254377"/>
        <stop lane="38254377_0" endPos="60" until="100000"/>
    </vehicle>

    <vehicle id="Barrel2" depart="0.00" type="barrel" departLane="0" departPos="70" color="yellow">
        <route edges="38254377"/>
        <!-- <stop lane="38254377_0" endPos="75" until="100000"/> -->
        <stop lane="38254377_0" endPos="70" until="100000"/>
    </vehicle>

    <vehicle id="Barrel3" depart="0.00" type="barrel" departLane="0" departPos="80" color="yellow">
        <route edges="38254377"/>
        <stop lane="38254377_0" endPos="80" until="100000"/>
    </vehicle>

    <vehicle id="Barrel4" depart="0.00" type="barrel" departLane="0" departPos="62" color="yellow">
        <route edges="38254377"/>
        <stop lane="38254377_0" endPos="62" until="100000"/>
    </vehicle>

    <!-- <vehicle id="Barrel5" depart="0.00" type="barrel" departLane="0" departPos="88" color="yellow">
        <route edges="38254377"/>
        <stop lane="38254377_1" endPos="88" until="100000"/>
    </vehicle> -->

    <vehicle id="Accident" depart="100.00" type="accident" departLane="0" arrivalLane="0" arrivalPos="80" color="red">
        <route edges="46819903 38254377"/>
        <!--stop lane="46819493_0" endPos="45" until="100000"/-->
    </vehicle>

    <!--vehicle id="Barrel1" depart="0.00" type="barrel" departLane="free" color="yellow">
        <route edges="-40709908#2"/>
        <stop lane="-40709908#2_0" endPos="10" until="100000"/>
    </vehicle>
    <vehicle id="Barrel2" depart="0.00" type="barrel" departLane="free" departPos="9.9" color="yellow">
        <route edges="46818905#0"/>
        <stop lane="46818905#0_0" endPos="10" until="100000"/>
    </vehicle>
    <vehicle id="Barrel3" depart="0.00" type="barrel" departLane="free" departPos="19.9" color="yellow">
        <route edges="46818905#0"/>
        <stop lane="46818905#0_0" endPos="20" until="100000"/>
    </vehicle>
    <vehicle id="Barrel4" depart="0.00" type="barrel" departLane="free" departPos="29.9" color="yellow">
        <route edges="46818905#0"/>
        <stop lane="46818905#0_0" endPos="30" until="100000"/>
    </vehicle>
    <vehicle id="Barrel5" depart="0.00" type="barrel" departLane="free" departPos="39.9" color="yellow">
        <route edges="46818905#0"/>
        <stop lane="46818905#0_0" endPos="40" until="100000"/>
    </vehicle>
    <vehicle id="Barrel6" depart="0.00" type="barrel" departLane="free" departPos="49.9" color="yellow">
        <route edges="46818905#0"/>
        <stop lane="46818905#0_0" endPos="50" until="100000"/>
    </vehicle-->
	
</routes>




